ring_id,vertex_id,x,y
0,0,0,0
0,1,1000,0
0,2,1000,1000
0,3,0,1000
1,0,50,50
1,1,50,950
1,2,950,950
1,3,950,50
Total signed area in input: 1.9000000000e+05
Total signed area in output: 1.9000000000e+05
Total areal displacement: 0.0000000000e+00
