ring_id,vertex_id,x,y
0,0,0,0
0,1,1000,0
0,2,1000,1000
0,3,0,1000
1,0,2,2
1,1,2,998
1,2,998,998
1,3,998,2
Total signed area in input: 7.9840000000e+03
Total signed area in output: 7.9840000000e+03
Total areal displacement: 0.0000000000e+00
